1,data_name,data_path,module_name,2023-04-12 14:26:50
2,Angle_Max_Steering_DriveTorqueSteerCompensation,/wh01619/Test/Data Calculate DriveTorque Steer Compensation,"DTSC
DTSC",2023-04-20 08:49:08
3,Speed_Min_Vehicle_DriveTorqueSteerCompensation,/wh01619/test2/Data test 2,DTSC,2023-04-12 14:26:50
4,Yawvelocity_Max_DriveTorqueSteerCompensation,/wh01619/Test/Data Calculate DriveTorque Steer Compensation,DTSC,2023-04-12 14:26:50
5,Value_Min_NormInput_DriveTorqueSteerCompensation,/wh01619/test2/Data test 2,DTSC,2023-04-12 14:26:50
6,TORQUE_CHANGE_INPUT_SHAFT_1,/03_System_Functions/Amplify Steering Motion/Data Amplify Steering Motion,ASM,2023-04-12 14:26:50
7,Torque_Change_Input_Shaft_1,/03_System_Functions/Amplify Steering Motion/Data Amplify Steering Motion,ASM,2023-04-12 14:26:50
8,TORQUE_CHANGE_INPUT_SHAFT_STEP_MAX_2,/03_System_Functions/Amplify Steering Motion/Data Amplify Steering Motion,ASM,2023-04-12 14:26:50
9,FORCE_RACK_MIN_1,/03_System_Functions/Amplify Steering Motion/Data Amplify Steering Motion,ASM,2023-04-12 14:26:50
10,Speed_Invalid_Signal,/03_System_Functions/Amplify Steering Motion/Data Amplify Steering Motion,ASM,2023-04-12 14:26:50
11,Torque_Tolerance_Vehicle_Speed_Invalid,/03_System_Functions/Amplify Steering Motion/Data Amplify Steering Motion,ASM,2023-04-12 14:26:50
12,SPEED_VEHICLE_ASM_RAMP_IN,/03_System_Functions/Amplify Steering Motion/Data Amplify Steering Motion,ASM,2023-04-12 14:26:50
13,GRADIENT_ASSIST_RAMP_IN_1,/03_System_Functions/Amplify Steering Motion/Data Amplify Steering Motion,ASM,2023-04-12 14:26:50
14,VECTOR_MARGIN_MIN,/03_System_Functions/Amplify Steering Motion/Data Amplify Steering Motion,ASM,2023-04-12 14:26:50
15,Torque_Enstop_Transition,/03_System_Functions/Amplify Steering Motion/Data Amplify Steering Motion,ASM,2023-04-12 14:26:50
16,Factor_Max_Rack_Force,/03_System_Functions/Amplify Steering Motion/Data Amplify Steering Motion,ASM,2023-04-12 14:26:50
17,Safety Parameter,/03_System_Functions/Amplify Steering Motion/Data Amplify Steering Motion,ASM,2023-04-12 14:26:50
18,Torque_Gradient_Rotor_Max_Returning_Assist,/03_System_Functions/Amplify Steering Motion/Data Amplify Steering Motion,ASM,2023-04-12 14:26:50
19,Torque_Steering_Max_Returning_Assist,/03_System_Functions/Amplify Steering Motion/Data Amplify Steering Motion,ASM,2023-04-12 14:26:50
20,Torque_Steering_Torque_Max_Deviation,/03_System_Functions/Amplify Steering Motion/Data Amplify Steering Motion,ASM,2023-04-12 14:26:50
21,Torque_Rotor_Drop_Sloa,/03_System_Functions/Amplify Steering Motion/Data Amplify Steering Motion,ASM,2023-04-12 14:26:50
22,Speed_Vehicle_Returning_Assist,/03_System_Functions/Amplify Steering Motion/Data Amplify Steering Motion,ASM,2023-04-12 14:26:50
23,Time_Rampup_Suspension,/03_System_Functions/Amplify Steering Motion/Data Amplify Steering Motion,ASM,2023-04-12 14:26:50
24,ASM_FHTI_UAF,/03_System_Functions/Amplify Steering Motion/Data Amplify Steering Motion,ASM,2023-04-12 14:26:50
25,ASM_FDTI_UAF,/03_System_Functions/Amplify Steering Motion/Data Amplify Steering Motion,ASM,2023-04-12 14:26:50
26,Distance_To_Mechanical_Endstop,/03_System_Functions/Limit Steering Stroke/Data Limit Steering Stroke,LSS,2023-04-12 14:26:50
27,Distance_To_Mechanical_Endstop_Max_Enstop_Torque,/03_System_Functions/Limit Steering Stroke/Data Limit Steering Stroke,LSS,2023-04-12 14:26:50
28,max_inputshaft_torque_endstop_not_oversteerable_1,/03_System_Functions/Limit Steering Stroke/Data Limit Steering Stroke,LSS,2023-04-12 14:26:50
29,max_inputshaft_torque_endstop_not_oversteerable_2,/03_System_Functions/Limit Steering Stroke/Data Limit Steering Stroke,LSS,2023-04-12 14:26:50
30,max_inputshaft_torque_endstop_not_oversteerable_4,/03_System_Functions/Limit Steering Stroke/Data Limit Steering Stroke,LSS,2023-04-12 14:26:50
31,max_rack_speed_dynamic_manoveurs,/03_System_Functions/Limit Steering Stroke/Data Limit Steering Stroke,LSS,2023-04-12 14:26:50
32,Position_Deviation_Rack_Safety_CSAP,/03_System_Functions/Limit Steering Stroke/Data Limit Steering Stroke,LSS,2023-04-12 14:26:50
33,Gradient_Handling_Rotortorque_Safety_BLOCK,/03_System_Functions/Limit Steering Stroke/Data Limit Steering Stroke,LSS,2023-04-12 14:26:50
34,Min_Vehicle_speed,/03_System_Functions/Limit Steering Stroke/Data Limit Steering Stroke,LSS,2023-04-12 14:26:50
35,rotor_speed_LSS,/03_System_Functions/Limit Steering Stroke/Data Limit Steering Stroke,LSS,2023-04-12 14:26:50
36,Energy_Impact_Reduced,/03_System_Functions/Limit Steering Stroke/Data Limit Steering Stroke,LSS,2023-04-12 14:26:50
37,Distance_Deviation_Entstop_Startup,/03_System_Functions/Limit Steering Stroke/Data Limit Steering Stroke,LSS,2023-04-12 14:26:50
38,Torque_Residual_Enstop,/03_System_Functions/Limit Steering Stroke/Data Limit Steering Stroke,LSS,2023-04-12 14:26:50
39,Factor_Motor_Torque_2_Rackforce,/03_System_Functions/Limit Steering Stroke/Data Limit Steering Stroke,LSS,2023-04-12 14:26:50
40,Factor_Rack_Force_2_Input_Shaft_Torque,/03_System_Functions/Limit Steering Stroke/Data Limit Steering Stroke,LSS,2023-04-12 14:26:50
41,Factor_Input_Shaft_Torque_2_Rotor_Torque,/03_System_Functions/Limit Steering Stroke/Data Limit Steering Stroke,LSS,2023-04-12 14:26:50
42,VehSpeed_Max_RackProt_On,/03_System_Functions/Mitigate Curb Push-off/Data Mitigate Curb Push-off,MCP,2023-04-12 14:26:50
43,RACKPROT_MAX_ABS_STEERING_ANGLE_SPEED,/03_System_Functions/Mitigate Curb Push-off/Data Mitigate Curb Push-off,MCP,2023-04-12 14:26:50
44,RACKPROT_TIME_ACT,/03_System_Functions/Mitigate Curb Push-off/Data Mitigate Curb Push-off,MCP,2023-04-12 14:26:50
45,RACKPROT_TIME_DEACT,/03_System_Functions/Mitigate Curb Push-off/Data Mitigate Curb Push-off,MCP,2023-04-12 14:26:50
46,RACKPROT_MAX_RACK_FORCE,/03_System_Functions/Mitigate Curb Push-off/Data Mitigate Curb Push-off,MCP,2023-04-12 14:26:50
47,Angle_Alpha_Compression_CurbPushoff,/03_System_Functions/Mitigate Curb Push-off/Data Mitigate Curb Push-off,MCP,2023-04-12 14:26:50
48,Angle_Beta_Sweep_CurbPushoff,/03_System_Functions/Mitigate Curb Push-off/Data Mitigate Curb Push-off,MCP,2023-04-12 14:26:50
49,Torque_Max_SteeringWheel_RackProt_On,/03_System_Functions/Mitigate Curb Push-off/Data Mitigate Curb Push-off,MCP,2023-04-12 14:26:50
50,Torque_Min_SteeringWheel_RackProt_Off,/03_System_Functions/Mitigate Curb Push-off/Data Mitigate Curb Push-off,MCP,2023-04-12 14:26:50
51,Time_Max_Off_RackProt,/03_System_Functions/Mitigate Curb Push-off/Data Mitigate Curb Push-off,MCP,2023-04-12 14:26:50
52,Time_Max_On_RackProt,/03_System_Functions/Mitigate Curb Push-off/Data Mitigate Curb Push-off,MCP,2023-04-12 14:26:50
53,Torque_CurbPush_Off_SteeringWheel_Misuse,/03_System_Functions/Mitigate Curb Push-off/Data Mitigate Curb Push-off,MCP,2023-04-12 14:26:50
54,VehSpeed_Max_Safety_RackProt,/03_System_Functions/Mitigate Curb Push-off/Data Mitigate Curb Push-off,MCP,2023-04-12 14:26:50
55,Energy_Impact_Max,/03_System_Functions/Provide System Damping/Data Provide System Damping,PSD,2023-04-12 14:26:50
56,Energy_Impact_Reduced,/03_System_Functions/Provide System Damping/Data Provide System Damping,PSD,2023-04-12 14:26:50
57,Speed_Rack_HSD_Start_1,/03_System_Functions/Provide System Damping/Data Provide System Damping,PSD,2023-04-12 14:26:50
58,Speed_Rack_HSD_Start_2,/03_System_Functions/Provide System Damping/Data Provide System Damping,PSD,2023-04-12 14:26:50
59,Speed_Rotor_Damping_Activate,/03_System_Functions/Provide System Damping/Data Provide System Damping,PSD,2023-04-12 14:26:50
60,Torque_HSD_Short_Before_Endstop,/03_System_Functions/Provide System Damping/Data Provide System Damping,PSD,2023-04-12 14:26:50
61,Torque_HSD_High_Distance_2_Endstop,/03_System_Functions/Provide System Damping/Data Provide System Damping,PSD,2023-04-12 14:26:50
62,Distance_2_Endstop_4_Torque_Limitation,/03_System_Functions/Provide System Damping/Data Provide System Damping,PSD,2023-04-12 14:26:50
63,Speed_Tie_Rod_Damping_Activate,/03_System_Functions/Provide System Damping/Data Provide System Damping,PSD,2023-04-12 14:26:50
64,Speed_Vehicle_Active_Damping_Activate,/03_System_Functions/Provide System Damping/Data Provide System Damping,PSD,2023-04-12 14:26:50
65,Damping_Level,/03_System_Functions/Provide System Damping/Data Provide System Damping,PSD,2023-04-12 14:26:50
66,Speed_Backward_Enable,/03_System_Functions/Provide System Damping/Data Provide System Damping,PSD,2023-04-12 14:26:50
67,Speed_Max_Backward_Allowed,/03_System_Functions/Provide System Damping/Data Provide System Damping,PSD,2023-04-12 14:26:50
68,Speed_Disable_Backward,/03_System_Functions/Provide System Damping/Data Provide System Damping,PSD,2023-04-12 14:26:50
69,Voltage_Power_Supply_Threshold,/03_System_Functions/Provide System Damping/Data Provide System Damping,PSD,2023-04-12 14:26:50
70,Torque_Motor_Threshold_DontCare,/03_System_Functions/Provide System Damping/Data Provide System Damping,PSD,2023-04-12 14:26:50
71,Speed_Tie_Rod_Low,/03_System_Functions/Provide System Damping/Data Provide System Damping,PSD,2023-04-12 14:26:50
72,Speed_Tie_Rod_High,/03_System_Functions/Provide System Damping/Data Provide System Damping,PSD,2023-04-12 14:26:50
73,Speed_Tie_Rod_Undervoltage_Offset,/03_System_Functions/Provide System Damping/Data Provide System Damping,PSD,2023-04-12 14:26:50
74,Torque_Motor_Max_Allowed_VLow,/03_System_Functions/Provide System Damping/Data Provide System Damping,PSD,2023-04-12 14:26:50
75,Torque_Motor_Max_Allowed_VHigh,/03_System_Functions/Provide System Damping/Data Provide System Damping,PSD,2023-04-12 14:26:50
76,Short_Term_Detection_Number,/03_System_Functions/Reduce Friction Effects/Data Reduce Friction Effects,RFE,2023-04-12 14:26:50
77,FDC_Min_Vehicle_Speed_Learn,/03_System_Functions/Reduce Friction Effects/Data Reduce Friction Effects,RFE,2023-04-12 14:26:50
78,FDC_Max_Vehicle_Speed_Learn,/03_System_Functions/Reduce Friction Effects/Data Reduce Friction Effects,RFE,2023-04-12 14:26:50
79,FDC_Max_Steering_Angle_Learn,/03_System_Functions/Reduce Friction Effects/Data Reduce Friction Effects,RFE,2023-04-12 14:26:50
80,FDC_Max_Steering_Speed_Learn,/03_System_Functions/Reduce Friction Effects/Data Reduce Friction Effects,RFE,2023-04-12 14:26:50
81,Reduction_Change_WakeUp,/03_System_Functions/Reduce Friction Effects/Data Reduce Friction Effects,RFE,2023-04-12 14:26:50
82,Max_Reduction_Steering_Torque,/03_System_Functions/Reduce Friction Effects/Data Reduce Friction Effects,RFE,2023-04-12 14:26:50
83,Min_Reduction_Steering_Torque,/03_System_Functions/Reduce Friction Effects/Data Reduce Friction Effects,RFE,2023-04-12 14:26:50
84,Friction_Nominal_Steering_Gear,/03_System_Functions/Reduce Friction Effects/Data Reduce Friction Effects,RFE,2023-04-12 14:26:50
85,Friction_System_Warning,/03_System_Functions/Reduce Friction Effects/Data Reduce Friction Effects,RFE,2023-04-12 14:26:50
86,Static_Friction_Compensation_Torque0,/03_System_Functions/Reduce Friction Effects/Data Reduce Friction Effects,RFE,2023-04-12 14:26:50
87,Trq_MaxDiff_AdaComp,/03_System_Functions/Reduce Friction Effects/Data Reduce Friction Effects,RFE,2023-04-12 14:26:50
88,Speed_AdaptiveKalman4Learn_Min_Vehicle_Speed_RFE,/03_System_Functions/Reduce Friction Effects/Data Reduce Friction Effects,RFE,2023-04-12 14:26:50
89,Speed_Min_Stable_EngineRunning,/03_System_Functions/Stabilize Power Supply/Data Stabilize Power Supply,SPS,2023-04-12 14:26:50
90,Time_Min_Stable_EngineRunning,/03_System_Functions/Stabilize Power Supply/Data Stabilize Power Supply,SPS,2023-04-12 14:26:50
91,Voltage_Substitute_Value_SupplyVoltage,/03_System_Functions/Stabilize Power Supply/Data Stabilize Power Supply,SPS,2023-04-12 14:26:50
92,Factor_Max_Reduction_Request,/03_System_Functions/Stabilize Power Supply/Data Stabilize Power Supply,SPS,2023-04-12 14:26:50
93,Speed_Vehicle_Min_Activation_Reduction,/03_System_Functions/Stabilize Power Supply/Data Stabilize Power Supply,SPS,2023-04-12 14:26:50
94,Voltage_Min_Range_Active_Reduction,/03_System_Functions/Stabilize Power Supply/Data Stabilize Power Supply,SPS,2023-04-12 14:26:50
95,Voltage_Max_Range_Active_Reduction,/03_System_Functions/Stabilize Power Supply/Data Stabilize Power Supply,SPS,2023-04-12 14:26:50
96,Factor_Max_Limitation_Request,/03_System_Functions/Stabilize Power Supply/Data Stabilize Power Supply,SPS,2023-04-12 14:26:50
97,Voltage_Min_Range_Active_Limitation,/03_System_Functions/Stabilize Power Supply/Data Stabilize Power Supply,SPS,2023-04-12 14:26:50
98,Voltage_Max_Range_Active_Limitation,/03_System_Functions/Stabilize Power Supply/Data Stabilize Power Supply,SPS,2023-04-12 14:26:50
99,Time_Min_Rise_SupplyCurrent,/03_System_Functions/Stabilize Power Supply/Data Stabilize Power Supply,SPS,2023-04-12 14:26:50
100,Voltage_Min_Activation_WarningLamp,/03_System_Functions/Stabilize Power Supply/Data Stabilize Power Supply,SPS,2023-04-12 14:26:50
101,Reduction_Min_Activation_WarningLamp,/03_System_Functions/Stabilize Power Supply/Data Stabilize Power Supply,SPS,2023-04-12 14:26:50
102,Voltage_Min_Disable_WarningLamp,/03_System_Functions/Stabilize Power Supply/Data Stabilize Power Supply,SPS,2023-04-12 14:26:50
103,Reduction_Min_Disable_WarningLamp,/03_System_Functions/Stabilize Power Supply/Data Stabilize Power Supply,SPS,2023-04-12 14:26:50
104,Factor_Max_Reduction_ErrorEntry,/03_System_Functions/Stabilize Power Supply/Data Stabilize Power Supply,SPS,2023-04-12 14:26:50
105,Info_Error_SupplyCurrent,/03_System_Functions/Stabilize Power Supply/Data Stabilize Power Supply,SPS,2023-04-12 14:26:50
106,Lamp_ON_SPS,/03_System_Functions/Stabilize Power Supply/Data Stabilize Power Supply,SPS,2023-04-12 14:26:50
107,Lamp_Off_SPS,/03_System_Functions/Stabilize Power Supply/Data Stabilize Power Supply,SPS,2023-04-12 14:26:50
108,Time_Hold_Rise_SupplyCurrent,/03_System_Functions/Stabilize Power Supply/Data Stabilize Power Supply,SPS,2023-04-12 14:26:50
109,Cutoff_frequency_Max_VoltageSpike,/03_System_Functions/Stabilize Power Supply/Data Stabilize Power Supply,SPS,2023-04-12 14:26:50
110,Current_Limit_Motoric_Reduction_PowerSupply,/03_System_Functions/Stabilize Power Supply/Data Stabilize Power Supply,SPS,2023-04-12 14:26:50
111,Current_Tolerance_Limit_PowerSupply,/03_System_Functions/Stabilize Power Supply/Data Stabilize Power Supply,SPS,2023-04-12 14:26:50
112,Current_Limit_Generatoric_Reduction_PowerSupply,/03_System_Functions/Stabilize Power Supply/Data Stabilize Power Supply,SPS,2023-04-12 14:26:50
113,Current_Limit_Gradient_PowerSupply,/03_System_Functions/Stabilize Power Supply/Data Stabilize Power Supply,SPS,2023-04-12 14:26:50
114,SatMin_Assist_Postscaler_BsStMotTrq,/05_Function_Contributions/Calculate Basic Steer Assist/Data Calculate Basic Steer Assist,CBSA,2023-04-12 14:26:50
115,SatMax_Assist_Postscaler_BsStMotTrq,/05_Function_Contributions/Calculate Basic Steer Assist/Data Calculate Basic Steer Assist,CBSA,2023-04-12 14:26:50
116,Min_4GradLim_Assist_Postscaler_BsStMotTrq,/05_Function_Contributions/Calculate Basic Steer Assist/Data Calculate Basic Steer Assist,CBSA,2023-04-12 14:26:50
117,Max_4GradLim_Assist_Postscaler_BsStMotTrq,/05_Function_Contributions/Calculate Basic Steer Assist/Data Calculate Basic Steer Assist,CBSA,2023-04-12 14:26:50
118,Speed_Vehicle_Thres_DynStMotTrq,/05_Function_Contributions/Calculate Basic Steer Assist/Data Calculate Basic Steer Assist,CBSA,2023-04-12 14:26:50
119,Thres_ChatterPeriods_DynStMotTrq,/05_Function_Contributions/Calculate Basic Steer Assist/Data Calculate Basic Steer Assist,CBSA,2023-04-12 14:26:50
120,Thres_ChatterPeriods_RotInertiaMotTrq,/05_Function_Contributions/Calculate Basic Steer Assist/Data Calculate Basic Steer Assist,CBSA,2023-04-12 14:26:50
121,Force_Rack_Max_TargetStTrqCurve,/05_Function_Contributions/Calculate Basic Steer Assist/Data Calculate Basic Steer Assist,CBSA,2023-04-12 14:26:50
122,Speed_Vehicle_Substitute,/05_Function_Contributions/Calculate Basic Steer Assist/Data Calculate Basic Steer Assist,CBSA,2023-04-12 14:26:50
123,Cycles_Chatter_Thres_DesRelRedLvl,/05_Function_Contributions/Calculate Basic Steer Assist/Data Calculate Basic Steer Assist,CBSA,2023-04-12 14:26:50
124,Speed_Vehicle_Thres_DesRelRedLvl,/05_Function_Contributions/Calculate Basic Steer Assist/Data Calculate Basic Steer Assist,CBSA,2023-04-12 14:26:50
125,Force_Rack_Max_VehicleSpeed,/05_Function_Contributions/Calculate Basic Steer Assist/Data Calculate Basic Steer Assist,CBSA,2023-04-12 14:26:50
126,Speed_Rotor_Thres_DynStMotTrq,/05_Function_Contributions/Calculate Basic Steer Assist/Data Calculate Basic Steer Assist,CBSA,2023-04-12 14:26:50
127,Speed_Vehicle_Subst_DynStMotTrq,/05_Function_Contributions/Calculate Basic Steer Assist/Data Calculate Basic Steer Assist,CBSA,2023-04-12 14:26:50
128,Torque_MaxUsable_Offset,/05_Function_Contributions/Calculate Basic Steer Assist/Data Calculate Basic Steer Assist,CBSA,2023-04-12 14:26:50
129,Global relevant data,/05_Function_Contributions/Calculate Basic Steer Assist/Data Calculate Basic Steer Assist,CBSA,2023-04-12 14:26:50
130,Torque_Steering_Max,/05_Function_Contributions/Calculate Basic Steer Assist/Data Calculate Basic Steer Assist,CBSA,2023-04-12 14:26:50
131,Ratio_Char_SteeringTrq2RackForce,/05_Function_Contributions/Calculate Basic Steer Assist/Data Calculate Basic Steer Assist,CBSA,2023-04-12 14:26:50
132,Ratio_RackForce2MotorTrq,/05_Function_Contributions/Calculate Basic Steer Assist/Data Calculate Basic Steer Assist,CBSA,2023-04-12 14:26:50
133,Safety relevant data,/05_Function_Contributions/Calculate Basic Steer Assist/Data Calculate Basic Steer Assist,CBSA,2023-04-12 14:26:50
134,Force_Rack_deviation_tolerance,/05_Function_Contributions/Calculate Basic Steer Assist/Data Calculate Basic Steer Assist,CBSA,2023-04-12 14:26:50
135,Torque_Steer_deviation_tolerance,/05_Function_Contributions/Calculate Basic Steer Assist/Data Calculate Basic Steer Assist,CBSA,2023-04-12 14:26:50
136,Force_Rack_Safety_Limiter_1,/05_Function_Contributions/Calculate Basic Steer Assist/Data Calculate Basic Steer Assist,CBSA,2023-04-12 14:26:50
137,Speed_Vehicle_Safety_Limiter,/05_Function_Contributions/Calculate Basic Steer Assist/Data Calculate Basic Steer Assist,CBSA,2023-04-12 14:26:50
138,Force_Rack_Safety_Limiter_2,/05_Function_Contributions/Calculate Basic Steer Assist/Data Calculate Basic Steer Assist,CBSA,2023-04-12 14:26:50
139,Torque_Steer_Safety_Limiter_1,/05_Function_Contributions/Calculate Basic Steer Assist/Data Calculate Basic Steer Assist,CBSA,2023-04-12 14:26:50
140,Torque_Steer_Safety_Limiter_2,/05_Function_Contributions/Calculate Basic Steer Assist/Data Calculate Basic Steer Assist,CBSA,2023-04-12 14:26:50
141,FIP,/05_Function_Contributions/Calculate Basic Steer Assist/Data Calculate Basic Steer Assist,CBSA,2023-04-12 14:26:50
142,FIP_Assist Curve,/05_Function_Contributions/Calculate Basic Steer Assist/Data Calculate Basic Steer Assist,CBSA,2023-04-12 14:26:50
143,System States,/05_Function_Contributions/Calculate Endstop Torque/Data Calculate Endstop Torque,CET,2023-04-12 14:26:50
144,State_03_SystemBehaviourDescription,/05_Function_Contributions/Calculate Endstop Torque/Data Calculate Endstop Torque,CET,2023-04-12 14:26:50
145,State_04_SystemBehaviourDescription,/05_Function_Contributions/Calculate Endstop Torque/Data Calculate Endstop Torque,CET,2023-04-12 14:26:50
146,Status/Quality Factors,/05_Function_Contributions/Calculate Endstop Torque/Data Calculate Endstop Torque,CET,2023-04-12 14:26:50
147,Status_Unknown_EndStopLearning,/05_Function_Contributions/Calculate Endstop Torque/Data Calculate Endstop Torque,CET,2023-04-12 14:26:50
148,Status_Partial_EndStopLearning,/05_Function_Contributions/Calculate Endstop Torque/Data Calculate Endstop Torque,CET,2023-04-12 14:26:50
149,Status_Complete_EndStopLearning,/05_Function_Contributions/Calculate Endstop Torque/Data Calculate Endstop Torque,CET,2023-04-12 14:26:50
150,Status_Accuracy_Invalid_SteeringAngle,/05_Function_Contributions/Calculate Endstop Torque/Data Calculate Endstop Torque,CET,2023-04-12 14:26:50
151,Status_Accuracy_InitWait_SteeringAngle,/05_Function_Contributions/Calculate Endstop Torque/Data Calculate Endstop Torque,CET,2023-04-12 14:26:50
152,Status_Accuracy_Raw_SteeringAngle,/05_Function_Contributions/Calculate Endstop Torque/Data Calculate Endstop Torque,CET,2023-04-12 14:26:50
153,Status_Accuracy_Exact_SteeringAngle,/05_Function_Contributions/Calculate Endstop Torque/Data Calculate Endstop Torque,CET,2023-04-12 14:26:50
154,Status_Active_EndStopTorque,/05_Function_Contributions/Calculate Endstop Torque/Data Calculate Endstop Torque,CET,2023-04-12 14:26:50
155,Status_Inactive_EndStopTorque,/05_Function_Contributions/Calculate Endstop Torque/Data Calculate Endstop Torque,CET,2023-04-12 14:26:50
156,General,/05_Function_Contributions/Calculate Endstop Torque/Data Calculate Endstop Torque,CET,2023-04-12 14:26:50
157,Distance_Travel_Steer_Range,/05_Function_Contributions/Calculate Endstop Torque/Data Calculate Endstop Torque,CET,2023-04-12 14:26:50
158,Torque_Zero_Motor,/05_Function_Contributions/Calculate Endstop Torque/Data Calculate Endstop Torque,CET,2023-04-12 14:26:50
159,Torque_Max_Motor,/05_Function_Contributions/Calculate Endstop Torque/Data Calculate Endstop Torque,CET,2023-04-12 14:26:50
160,Gradient_Torque_RampDown,/05_Function_Contributions/Calculate Endstop Torque/Data Calculate Endstop Torque,CET,2023-04-12 14:26:50
161,Safety,/05_Function_Contributions/Calculate Endstop Torque/Data Calculate Endstop Torque,CET,2023-04-12 14:26:50
162,Time_TaskGroup_Execution_Endstop,/05_Function_Contributions/Calculate Endstop Torque/Data Calculate Endstop Torque,CET,2023-04-12 14:26:50
163,Learning,/05_Function_Contributions/Calculate Endstop Torque/Data Calculate Endstop Torque,CET,2023-04-12 14:26:50
164,Distance_Travel_Min_EndStopLearning_Rack,/05_Function_Contributions/Calculate Endstop Torque/Data Calculate Endstop Torque,CET,2023-04-12 14:26:50
165,Distance_Travel_Max_EndStopLearning_Rack,/05_Function_Contributions/Calculate Endstop Torque/Data Calculate Endstop Torque,CET,2023-04-12 14:26:50
166,Distance_Travel_MinimumWithOffset_Rack,/05_Function_Contributions/Calculate Endstop Torque/Data Calculate Endstop Torque,CET,2023-04-12 14:26:50
167,Distance_Travel_UpdateStatus_EndStopLearning_Rack,/05_Function_Contributions/Calculate Endstop Torque/Data Calculate Endstop Torque,CET,2023-04-12 14:26:50
168,Distance_Travel_RelearnOffset_EndStopPartialLearning_Rack,/05_Function_Contributions/Calculate Endstop Torque/Data Calculate Endstop Torque,CET,2023-04-12 14:26:50
169,Distance_ToEndStop_EndStopCompleteLearning_Rack,/05_Function_Contributions/Calculate Endstop Torque/Data Calculate Endstop Torque,CET,2023-04-12 14:26:50
170,Time_Debounce_EndStopLearning,/05_Function_Contributions/Calculate Endstop Torque/Data Calculate Endstop Torque,CET,2023-04-12 14:26:50
171,Speed_Min_EndStopCompleteLearning_Vehicle,/05_Function_Contributions/Calculate Endstop Torque/Data Calculate Endstop Torque,CET,2023-04-12 14:26:50
172,Torque_Min_EndStopCompleteLearning_Steering,/05_Function_Contributions/Calculate Endstop Torque/Data Calculate Endstop Torque,CET,2023-04-12 14:26:50
173,Torque_Min_EndStopCompleteLearning_Motor,/05_Function_Contributions/Calculate Endstop Torque/Data Calculate Endstop Torque,CET,2023-04-12 14:26:50
174,Factor_Torque_Min_EndStopCompleteLearning_Motor,/05_Function_Contributions/Calculate Endstop Torque/Data Calculate Endstop Torque,CET,2023-04-12 14:26:50
175,Speed_Max_EndStopPartialLearning_Rotor,/05_Function_Contributions/Calculate Endstop Torque/Data Calculate Endstop Torque,CET,2023-04-12 14:26:50
176,Speed_Max_EndStopCompleteLearning_Rotor,/05_Function_Contributions/Calculate Endstop Torque/Data Calculate Endstop Torque,CET,2023-04-12 14:26:50
177,Distance To End Stop,/05_Function_Contributions/Calculate Endstop Torque/Data Calculate Endstop Torque,CET,2023-04-12 14:26:50
178,Distance_Travel_RawInitOffset_Rack,/05_Function_Contributions/Calculate Endstop Torque/Data Calculate Endstop Torque,CET,2023-04-12 14:26:50
179,Distance_Travel_InvalidOffset_Rack,/05_Function_Contributions/Calculate Endstop Torque/Data Calculate Endstop Torque,CET,2023-04-12 14:26:50
180,Spring-Contribution,/05_Function_Contributions/Calculate Endstop Torque/Data Calculate Endstop Torque,CET,2023-04-12 14:26:50
181,Distance_Travel_FromEndStop_EndStopSpringActive,/05_Function_Contributions/Calculate Endstop Torque/Data Calculate Endstop Torque,CET,2023-04-12 14:26:50
182,Distance_Travel_FromEndStop_EndStopSpringPeak,/05_Function_Contributions/Calculate Endstop Torque/Data Calculate Endstop Torque,CET,2023-04-12 14:26:50
183,Gradient_Torque_Spring,/05_Function_Contributions/Calculate Endstop Torque/Data Calculate Endstop Torque,CET,2023-04-12 14:26:50
184,Damping-Contribution,/05_Function_Contributions/Calculate Endstop Torque/Data Calculate Endstop Torque,CET,2023-04-12 14:26:50
185,Distance_Travel_FromEndStop_EndStopDampingActive,/05_Function_Contributions/Calculate Endstop Torque/Data Calculate Endstop Torque,CET,2023-04-12 14:26:50
186,Distance_Travel_FromEndStop_EndStopDampingPeak,/05_Function_Contributions/Calculate Endstop Torque/Data Calculate Endstop Torque,CET,2023-04-12 14:26:50
187,Torque_Max_ToCentre_Damping,/05_Function_Contributions/Calculate Endstop Torque/Data Calculate Endstop Torque,CET,2023-04-12 14:26:50
188,Torque_Max_Damping,/05_Function_Contributions/Calculate Endstop Torque/Data Calculate Endstop Torque,CET,2023-04-12 14:26:50
189,Limitation,/05_Function_Contributions/Calculate Endstop Torque/Data Calculate Endstop Torque,CET,2023-04-12 14:26:50
190,Torque_Border1_Fading_Steering,/05_Function_Contributions/Calculate Endstop Torque/Data Calculate Endstop Torque,CET,2023-04-12 14:26:50
191,Speed_Border1_ExtraDamping_Motor,/05_Function_Contributions/Calculate Endstop Torque/Data Calculate Endstop Torque,CET,2023-04-12 14:26:50
192,Speed_Border2_ExtraDamping_Motor,/05_Function_Contributions/Calculate Endstop Torque/Data Calculate Endstop Torque,CET,2023-04-12 14:26:50
193,Factor_Assistance_Compliment_ResidualAssistance,/05_Function_Contributions/Calculate Endstop Torque/Data Calculate Endstop Torque,CET,2023-04-12 14:26:50
194,Time_Max_AllowExtraDamping,/05_Function_Contributions/Calculate Endstop Torque/Data Calculate Endstop Torque,CET,2023-04-12 14:26:50
195,ROTOR_SPEED_MIN_VALID,/05_Function_Contributions/Calculate Rotor Motion/Data Calculate Rotor Motion,CRM,2023-04-12 14:26:50
196,ROTOR_SPEED_MAX_VALID,/05_Function_Contributions/Calculate Rotor Motion/Data Calculate Rotor Motion,CRM,2023-04-12 14:26:50
197,FREQUENCY_CUTOFF_ROTOR_SPEED,/05_Function_Contributions/Calculate Rotor Motion/Data Calculate Rotor Motion,CRM,2023-04-12 14:26:50
198,FREQUENCY_CUTOFF_ROTORACCELERATION_FILTERED,/05_Function_Contributions/Calculate Rotor Motion/Data Calculate Rotor Motion,CRM,2023-04-12 14:26:50
199,GRADIENT_MAX_CALCULATE_ROTOR_MOTION,/05_Function_Contributions/Calculate Rotor Motion/Data Calculate Rotor Motion,CRM,2023-04-12 14:26:50
200,FREQUENCY_CUTOFF_ROTORACCELERATION,/05_Function_Contributions/Calculate Rotor Motion/Data Calculate Rotor Motion,CRM,2023-04-12 14:26:50
201,Speed_Max_LSD_Rotor,/05_Function_Contributions/Calculate Steering Angle and Positions - iSAS/Data Calculate Steering Angle and Positions - iSAS,CSAP,2023-04-12 14:26:50
202,Torque_Limited_LSD_Motor,/05_Function_Contributions/Calculate Steering Angle and Positions - iSAS/Data Calculate Steering Angle and Positions - iSAS,CSAP,2023-04-12 14:26:50
203,Torque_Max_LSD_TorsionBar,/05_Function_Contributions/Calculate Steering Angle and Positions - iSAS/Data Calculate Steering Angle and Positions - iSAS,CSAP,2023-04-12 14:26:50
204,Torque_Calib_Max_TorsionBar,/05_Function_Contributions/Calculate Steering Angle and Positions - iSAS/Data Calculate Steering Angle and Positions - iSAS,CSAP,2023-04-12 14:26:50
205,Speed_Calib_Max_Vehicle,/05_Function_Contributions/Calculate Steering Angle and Positions - iSAS/Data Calculate Steering Angle and Positions - iSAS,CSAP,2023-04-12 14:26:50
206,Angle_PreCalib_Offset_Rotor,/05_Function_Contributions/Calculate Steering Angle and Positions - iSAS/Data Calculate Steering Angle and Positions - iSAS,CSAP,2023-04-12 14:26:50
207,Angle_NoCalib_Offset_Rotor,/05_Function_Contributions/Calculate Steering Angle and Positions - iSAS/Data Calculate Steering Angle and Positions - iSAS,CSAP,2023-04-12 14:26:50
208,Factor_ShortTerm_Integral,/05_Function_Contributions/Calculate Steering Angle and Positions - iSAS/Data Calculate Steering Angle and Positions - iSAS,CSAP,2023-04-12 14:26:50
209,Time_ShortTerm_Correction,/05_Function_Contributions/Calculate Steering Angle and Positions - iSAS/Data Calculate Steering Angle and Positions - iSAS,CSAP,2023-04-12 14:26:50
210,State_Angle_Exact_Steering,/05_Function_Contributions/Calculate Steering Angle and Positions - iSAS/Data Calculate Steering Angle and Positions - iSAS,CSAP,2023-04-12 14:26:50
211,Torque_LongTerm_AheadCheck_TorsionBar,/05_Function_Contributions/Calculate Steering Angle and Positions - iSAS/Data Calculate Steering Angle and Positions - iSAS,CSAP,2023-04-12 14:26:50
212,Torque_LongTerm_AheadCheck_Motor,/05_Function_Contributions/Calculate Steering Angle and Positions - iSAS/Data Calculate Steering Angle and Positions - iSAS,CSAP,2023-04-12 14:26:50
213,Time_RackPosition_ErrorFilter,/05_Function_Contributions/Calculate Steering Angle and Positions - iSAS/Data Calculate Steering Angle and Positions - iSAS,CSAP,2023-04-12 14:26:50
214,Time_RackPosition_LowVolt_ErrorFilter,/05_Function_Contributions/Calculate Steering Angle and Positions - iSAS/Data Calculate Steering Angle and Positions - iSAS,CSAP,2023-04-12 14:26:50
215,Speed_SNA_Rack,/05_Function_Contributions/Calculate Steering Angle and Positions - iSAS/Data Calculate Steering Angle and Positions - iSAS,CSAP,2023-04-12 14:26:50
216,Time_Ahead_RackPosition_ErrorFilter,/05_Function_Contributions/Calculate Steering Angle and Positions - iSAS/Data Calculate Steering Angle and Positions - iSAS,CSAP,2023-04-12 14:26:50
217,Enable_LongTerm_SUPP,/05_Function_Contributions/Calculate Steering Angle and Positions - iSAS/Data Calculate Steering Angle and Positions - iSAS,CSAP,2023-04-12 14:26:50
218,Angle_LongTerm_Integ_Range,/05_Function_Contributions/Calculate Steering Angle and Positions - iSAS/Data Calculate Steering Angle and Positions - iSAS,CSAP,2023-04-12 14:26:50
219,Factor_LongTerm_Integral,/05_Function_Contributions/Calculate Steering Angle and Positions - iSAS/Data Calculate Steering Angle and Positions - iSAS,CSAP,2023-04-12 14:26:50
220,Time_LongTerm_Correction,/05_Function_Contributions/Calculate Steering Angle and Positions - iSAS/Data Calculate Steering Angle and Positions - iSAS,CSAP,2023-04-12 14:26:50
221,Factor_Speed_LongTerm_Vehicle,/05_Function_Contributions/Calculate Steering Angle and Positions - iSAS/Data Calculate Steering Angle and Positions - iSAS,CSAP,2023-04-12 14:26:50
222,State_Angle_Raw_ACC_Rotor,/05_Function_Contributions/Calculate Steering Angle and Positions - iSAS/Data Calculate Steering Angle and Positions - iSAS,CSAP,2023-04-12 14:26:50
223,State_Angle_Exact_ACC_Rotor,/05_Function_Contributions/Calculate Steering Angle and Positions - iSAS/Data Calculate Steering Angle and Positions - iSAS,CSAP,2023-04-12 14:26:50
224,Angle_Max_Calib_Rotor,/05_Function_Contributions/Calculate Steering Angle and Positions - iSAS/Data Calculate Steering Angle and Positions - iSAS,CSAP,2023-04-12 14:26:50
225,Position_Zero_Rack,/05_Function_Contributions/Calculate Steering Angle and Positions - iSAS/Data Calculate Steering Angle and Positions - iSAS,CSAP,2023-04-12 14:26:50
226,State_Angle_Initwait_Steering,/05_Function_Contributions/Calculate Steering Angle and Positions - iSAS/Data Calculate Steering Angle and Positions - iSAS,CSAP,2023-04-12 14:26:50
227,Angle_Zero_Steering,/05_Function_Contributions/Calculate Steering Angle and Positions - iSAS/Data Calculate Steering Angle and Positions - iSAS,CSAP,2023-04-12 14:26:50
228,Angle_Dynamic_Zero_Steering,/05_Function_Contributions/Calculate Steering Angle and Positions - iSAS/Data Calculate Steering Angle and Positions - iSAS,CSAP,2023-04-12 14:26:50
229,Angle_Int_Max_Rotor,/05_Function_Contributions/Calculate Steering Angle and Positions - iSAS/Data Calculate Steering Angle and Positions - iSAS,CSAP,2023-04-12 14:26:50
230,State_Angle_Invalid_Steering,/05_Function_Contributions/Calculate Steering Angle and Positions - iSAS/Data Calculate Steering Angle and Positions - iSAS,CSAP,2023-04-12 14:26:50
231,Angle_Allowed_Shift_Index,/05_Function_Contributions/Calculate Steering Angle and Positions - iSAS/Data Calculate Steering Angle and Positions - iSAS,CSAP,2023-04-12 14:26:50
232,Angle_Additional_Tolerance_Rotor,/05_Function_Contributions/Calculate Steering Angle and Positions - iSAS/Data Calculate Steering Angle and Positions - iSAS,CSAP,2023-04-12 14:26:50
233,Angle_SteeringWheel_Turn_Rotor,/05_Function_Contributions/Calculate Steering Angle and Positions - iSAS/Data Calculate Steering Angle and Positions - iSAS,CSAP,2023-04-12 14:26:50
234,Angle_Additional_Tolerance_OneTurn_Rotor,/05_Function_Contributions/Calculate Steering Angle and Positions - iSAS/Data Calculate Steering Angle and Positions - iSAS,CSAP,2023-04-12 14:26:50
235,Angle_Max_Pinion,/05_Function_Contributions/Calculate Steering Angle and Positions - iSAS/Data Calculate Steering Angle and Positions - iSAS,CSAP,2023-04-12 14:26:50
236,Position_Max_Rack,/05_Function_Contributions/Calculate Steering Angle and Positions - iSAS/Data Calculate Steering Angle and Positions - iSAS,CSAP,2023-04-12 14:26:50
237,Angle_ShortTerm_Max_Offset_Steering,/05_Function_Contributions/Calculate Steering Angle and Positions - iSAS/Data Calculate Steering Angle and Positions - iSAS,CSAP,2023-04-12 14:26:50
238,Angle_LongTerm_Max_Offset_Steering,/05_Function_Contributions/Calculate Steering Angle and Positions - iSAS/Data Calculate Steering Angle and Positions - iSAS,CSAP,2023-04-12 14:26:50
239,Angle_Gradient_Integral_Threshold,/05_Function_Contributions/Calculate Steering Angle and Positions - iSAS/Data Calculate Steering Angle and Positions - iSAS,CSAP,2023-04-12 14:26:50
240,Angle_Compare_Deviation_UP_Rotor,/05_Function_Contributions/Calculate Steering Angle and Positions - iSAS/Data Calculate Steering Angle and Positions - iSAS,CSAP,2023-04-12 14:26:50
241,Angle_Compare_Deviation_Down_Rotor,/05_Function_Contributions/Calculate Steering Angle and Positions - iSAS/Data Calculate Steering Angle and Positions - iSAS,CSAP,2023-04-12 14:26:50
242,Angle_Reference_Deviation_Rotor,/05_Function_Contributions/Calculate Steering Angle and Positions - iSAS/Data Calculate Steering Angle and Positions - iSAS,CSAP,2023-04-12 14:26:50
243,Position_Straight_Ahead_Rack,/05_Function_Contributions/Calculate Steering Angle and Positions - iSAS/Data Calculate Steering Angle and Positions - iSAS,CSAP,2023-04-12 14:26:50
244,State_Invalid_Rotor,/05_Function_Contributions/Calculate Steering Angle and Positions - iSAS/Data Calculate Steering Angle and Positions - iSAS,CSAP,2023-04-12 14:26:50
245,State_SCU_Error,/05_Function_Contributions/Calculate Steering Angle and Positions - iSAS/Data Calculate Steering Angle and Positions - iSAS,CSAP,2023-04-12 14:26:50
246,State_Angle_Raw_Steering,/05_Function_Contributions/Calculate Steering Angle and Positions - iSAS/Data Calculate Steering Angle and Positions - iSAS,CSAP,2023-04-12 14:26:50
247,State_Angle_Raw_Reference_RackPosition,/05_Function_Contributions/Calculate Steering Angle and Positions - iSAS/Data Calculate Steering Angle and Positions - iSAS,CSAP,2023-04-12 14:26:50
248,Angle_SyncDiff_Min_Difference_Rotor,/05_Function_Contributions/Calculate Steering Angle and Positions - iSAS/Data Calculate Steering Angle and Positions - iSAS,CSAP,2023-04-12 14:26:50
249,Time_Ahead_Detection,/05_Function_Contributions/Calculate Steering Angle and Positions - iSAS/Data Calculate Steering Angle and Positions - iSAS,CSAP,2023-04-12 14:26:50
250,Time_Index_High_Detection,/05_Function_Contributions/Calculate Steering Angle and Positions - iSAS/Data Calculate Steering Angle and Positions - iSAS,CSAP,2023-04-12 14:26:50
251,Angle_Straight_Range_Rotor,/05_Function_Contributions/Calculate Steering Angle and Positions - iSAS/Data Calculate Steering Angle and Positions - iSAS,CSAP,2023-04-12 14:26:50
252,Angle_Range_HalfSteer_Min_Rotor,/05_Function_Contributions/Calculate Steering Angle and Positions - iSAS/Data Calculate Steering Angle and Positions - iSAS,CSAP,2023-04-12 14:26:50
253,Angle_ACC_Valid_Rotor,/05_Function_Contributions/Calculate Steering Angle and Positions - iSAS/Data Calculate Steering Angle and Positions - iSAS,CSAP,2023-04-12 14:26:50
254,Angle_Difference_SyncExact_Rotor,/05_Function_Contributions/Calculate Steering Angle and Positions - iSAS/Data Calculate Steering Angle and Positions - iSAS,CSAP,2023-04-12 14:26:50
255,Angle_Width_Max_Index_Rotor,/05_Function_Contributions/Calculate Steering Angle and Positions - iSAS/Data Calculate Steering Angle and Positions - iSAS,CSAP,2023-04-12 14:26:50
256,Angle_Width_Min_Index_Rotor,/05_Function_Contributions/Calculate Steering Angle and Positions - iSAS/Data Calculate Steering Angle and Positions - iSAS,CSAP,2023-04-12 14:26:50
257,State_Reference_ExactCheck_RackPosition,/05_Function_Contributions/Calculate Steering Angle and Positions - iSAS/Data Calculate Steering Angle and Positions - iSAS,CSAP,2023-04-12 14:26:50
258,State_Reference_Exact_RackPosition,/05_Function_Contributions/Calculate Steering Angle and Positions - iSAS/Data Calculate Steering Angle and Positions - iSAS,CSAP,2023-04-12 14:26:50
259,State_Reference_Invalid_RackPosition,/05_Function_Contributions/Calculate Steering Angle and Positions - iSAS/Data Calculate Steering Angle and Positions - iSAS,CSAP,2023-04-12 14:26:50
260,AngleSpeed_Zero_Steering,/05_Function_Contributions/Calculate Steering Angle and Positions - iSAS/Data Calculate Steering Angle and Positions - iSAS,CSAP,2023-04-12 14:26:50
261,Speed_Zero_Rack,/05_Function_Contributions/Calculate Steering Angle and Positions - iSAS/Data Calculate Steering Angle and Positions - iSAS,CSAP,2023-04-12 14:26:50
262,Position_SNA_Reference_Rack,/05_Function_Contributions/Calculate Steering Angle and Positions - iSAS/Data Calculate Steering Angle and Positions - iSAS,CSAP,2023-04-12 14:26:50
263,Angle_Gradient_Integral_Start_Threshold,/05_Function_Contributions/Calculate Steering Angle and Positions - iSAS/Data Calculate Steering Angle and Positions - iSAS,CSAP,2023-04-12 14:26:50
264,Speed_Valid_Min_Rack,/05_Function_Contributions/Calculate Steering Angle and Positions - iSAS/Data Calculate Steering Angle and Positions - iSAS,CSAP,2023-04-12 14:26:50
265,Speed_Valid_Max_Rack,/05_Function_Contributions/Calculate Steering Angle and Positions - iSAS/Data Calculate Steering Angle and Positions - iSAS,CSAP,2023-04-12 14:26:50
266,AngleSpeed_Backward_Max_Rotor,/05_Function_Contributions/Calculate Steering Angle and Positions - iSAS/Data Calculate Steering Angle and Positions - iSAS,CSAP,2023-04-12 14:26:50
267,AngleSpeed_Backward_Min_Rotor,/05_Function_Contributions/Calculate Steering Angle and Positions - iSAS/Data Calculate Steering Angle and Positions - iSAS,CSAP,2023-04-12 14:26:50
268,AngleSpeed_Valid_Max_Rotor,/05_Function_Contributions/Calculate Steering Angle and Positions - iSAS/Data Calculate Steering Angle and Positions - iSAS,CSAP,2023-04-12 14:26:50
269,AngleSpeed_Valid_Min_Rotor,/05_Function_Contributions/Calculate Steering Angle and Positions - iSAS/Data Calculate Steering Angle and Positions - iSAS,CSAP,2023-04-12 14:26:50
270,Factor_Torsion_Compensation,/05_Function_Contributions/Calculate Steering Angle and Positions - iSAS/Data Calculate Steering Angle and Positions - iSAS,CSAP,2023-04-12 14:26:50
271,Constant_Radian2Gradient_Conversion,/05_Function_Contributions/Calculate Steering Angle and Positions - iSAS/Data Calculate Steering Angle and Positions - iSAS,CSAP,2023-04-12 14:26:50
272,Position_Max_Allowed_Rack,/05_Function_Contributions/Calculate Steering Angle and Positions - iSAS/Data Calculate Steering Angle and Positions - iSAS,CSAP,2023-04-12 14:26:50
273,Position_Min_Allowed_Rack,/05_Function_Contributions/Calculate Steering Angle and Positions - iSAS/Data Calculate Steering Angle and Positions - iSAS,CSAP,2023-04-12 14:26:50
274,Angle_Max_Allowed_LTCorrection,/05_Function_Contributions/Calculate Steering Angle and Positions - iSAS/Data Calculate Steering Angle and Positions - iSAS,CSAP,2023-04-12 14:26:50
275,Angle_Min_Allowed_LTCorrection,/05_Function_Contributions/Calculate Steering Angle and Positions - iSAS/Data Calculate Steering Angle and Positions - iSAS,CSAP,2023-04-12 14:26:50
276,Angle_Max_Allowed_STCorrection,/05_Function_Contributions/Calculate Steering Angle and Positions - iSAS/Data Calculate Steering Angle and Positions - iSAS,CSAP,2023-04-12 14:26:50
277,Angle_Min_Allowed_STCorrection,/05_Function_Contributions/Calculate Steering Angle and Positions - iSAS/Data Calculate Steering Angle and Positions - iSAS,CSAP,2023-04-12 14:26:50
278,DistanceToEndstop_Subst_HSD,/05_Function_Contributions/Calculate System Damping Torque/Data Calculate System Damping Torque,CSDT,2023-04-12 14:26:50
279,Torque_Motor_Max_AD,/05_Function_Contributions/Calculate System Damping Torque/Data Calculate System Damping Torque,CSDT,2023-04-12 14:26:50
280,Gradient_Factor_Max_AD,/05_Function_Contributions/Calculate System Damping Torque/Data Calculate System Damping Torque,CSDT,2023-04-12 14:26:50
281,Torque_Motor_DepOnRotorSpeed_AD,/05_Function_Contributions/Calculate System Damping Torque/Data Calculate System Damping Torque,CSDT,2023-04-12 14:26:50
282,Factor_DepOnVehSpeed_AD,/05_Function_Contributions/Calculate System Damping Torque/Data Calculate System Damping Torque,CSDT,2023-04-12 14:26:50
283,Reverse Driving / Undervoltage Extension,/05_Function_Contributions/Calculate System Damping Torque/Data Calculate System Damping Torque,CSDT,2023-04-12 14:26:50
284,Supply_Voltage_Threshold,/05_Function_Contributions/Calculate System Damping Torque/Data Calculate System Damping Torque,CSDT,2023-04-12 14:26:50
285,Speed_Rotor_Threshold_Activate_HSD_Forward,/05_Function_Contributions/Calculate System Damping Torque/Data Calculate System Damping Torque,CSDT,2023-04-12 14:26:50
286,Speed_Rotor_Threshold_Activate_HSD_Reverse,/05_Function_Contributions/Calculate System Damping Torque/Data Calculate System Damping Torque,CSDT,2023-04-12 14:26:50
287,Speed_Rotor_OffsetVolt_Activate_HSD,/05_Function_Contributions/Calculate System Damping Torque/Data Calculate System Damping Torque,CSDT,2023-04-12 14:26:50
288,Speed_Vehicle_Threshold_Backward_Enable,/05_Function_Contributions/Calculate System Damping Torque/Data Calculate System Damping Torque,CSDT,2023-04-12 14:26:50
289,Speed_Vehicle_Threshold_Backward_Disable,/05_Function_Contributions/Calculate System Damping Torque/Data Calculate System Damping Torque,CSDT,2023-04-12 14:26:50
290,Speed_Vehicle_Max_Allowed_Backward,/05_Function_Contributions/Calculate System Damping Torque/Data Calculate System Damping Torque,CSDT,2023-04-12 14:26:50
291,Speed_Rotor_Min_Needed_VLow,/05_Function_Contributions/Calculate System Damping Torque/Data Calculate System Damping Torque,CSDT,2023-04-12 14:26:50
292,Speed_Rotor_Min_Needed_VHigh,/05_Function_Contributions/Calculate System Damping Torque/Data Calculate System Damping Torque,CSDT,2023-04-12 14:26:50
293,Speed_Rotor_Under_Volt_Offset,/05_Function_Contributions/Calculate System Damping Torque/Data Calculate System Damping Torque,CSDT,2023-04-12 14:26:50
294,Factor_HSD_Forward,/05_Function_Contributions/Calculate System Damping Torque/Data Calculate System Damping Torque,CSDT,2023-04-12 14:26:50
295,Factor_HSD_Reverse,/05_Function_Contributions/Calculate System Damping Torque/Data Calculate System Damping Torque,CSDT,2023-04-12 14:26:50
296,Safety relevant data,/05_Function_Contributions/Calculate System Damping Torque/Data Calculate System Damping Torque,CSDT,2023-04-12 14:26:50
297,Torque_Motor_Threshold_DontCare,/05_Function_Contributions/Calculate System Damping Torque/Data Calculate System Damping Torque,CSDT,2023-04-12 14:26:50
298,Torque_Motor_Max_Allowed_VLow,/05_Function_Contributions/Calculate System Damping Torque/Data Calculate System Damping Torque,CSDT,2023-04-12 14:26:50
299,Torque_Motor_Max_Allowed_VHigh,/05_Function_Contributions/Calculate System Damping Torque/Data Calculate System Damping Torque,CSDT,2023-04-12 14:26:50
300,PCP_TARGET_RED_LEVEL,/05_Function_Contributions/Detect and activate Protect mechanical Rack/Data Detect and activate Protect mechanical Rack,DAPMR,2023-04-12 14:26:50
301,PCP_GRAD_RED_RAMP_DOWN,/05_Function_Contributions/Detect and activate Protect mechanical Rack/Data Detect and activate Protect mechanical Rack,DAPMR,2023-04-12 14:26:50
302,RACKPROT_MAX_ABS_VEHICLE_SPEED,/05_Function_Contributions/Detect and activate Protect mechanical Rack/Data Detect and activate Protect mechanical Rack,DAPMR,2023-04-12 14:26:50
303,RACKPROT_MAX_ABS_STEERING_ANGLE_SPEED,/05_Function_Contributions/Detect and activate Protect mechanical Rack/Data Detect and activate Protect mechanical Rack,DAPMR,2023-04-12 14:26:50
304,RACKPROT_MIN_ABS_TBT,/05_Function_Contributions/Detect and activate Protect mechanical Rack/Data Detect and activate Protect mechanical Rack,DAPMR,2023-04-12 14:26:50
305,MIN_MOTOR_TORQUE_PCP_ACTIVE,/05_Function_Contributions/Detect and activate Protect mechanical Rack/Data Detect and activate Protect mechanical Rack,DAPMR,2023-04-12 14:26:50
306,RACKPROT_TIME_ACT,/05_Function_Contributions/Detect and activate Protect mechanical Rack/Data Detect and activate Protect mechanical Rack,DAPMR,2023-04-12 14:26:50
307,MAX_TBT_PCP_RAMP_UP,/05_Function_Contributions/Detect and activate Protect mechanical Rack/Data Detect and activate Protect mechanical Rack,DAPMR,2023-04-12 14:26:50
308,TIME_STOP_REDUCTION,/05_Function_Contributions/Detect and activate Protect mechanical Rack/Data Detect and activate Protect mechanical Rack,DAPMR,2023-04-12 14:26:50
309,PCP_MAX_RED_FACTOR,/05_Function_Contributions/Detect and activate Protect mechanical Rack/Data Detect and activate Protect mechanical Rack,DAPMR,2023-04-12 14:26:50
310,PCP_GRAD_RED_RAMP_UP,/05_Function_Contributions/Detect and activate Protect mechanical Rack/Data Detect and activate Protect mechanical Rack,DAPMR,2023-04-12 14:26:50
311,DISTANCE_ENDSTOP_START,/05_Function_Contributions/Detect and activate Protect mechanical Rack/Data Detect and activate Protect mechanical Rack,DAPMR,2023-04-12 14:26:50
312,VehSpeed_Max_Safety_RackProt,/05_Function_Contributions/Detect and activate Protect mechanical Rack/Data Detect and activate Protect mechanical Rack,DAPMR,2023-04-12 14:26:50
313,max_steering_stroke_active,/05_Function_Contributions/Detect and activate Protect mechanical Rack/Data Detect and activate Protect mechanical Rack,DAPMR,2023-04-12 14:26:50
314,Speed_Calibration_Vehicle_AR,/05_Function_Contributions/Determine Active Return Torque/Data Determine Active Return Torque,DART,2023-04-12 14:26:50
315,Angle_Calibration_Steering_AR,/05_Function_Contributions/Determine Active Return Torque/Data Determine Active Return Torque,DART,2023-04-12 14:26:50
316,Torque_Calibration_Driver_AR,/05_Function_Contributions/Determine Active Return Torque/Data Determine Active Return Torque,DART,2023-04-12 14:26:50
317,Speed_Peak_Vehicle,/05_Function_Contributions/Determine Active Return Torque/Data Determine Active Return Torque,DART,2023-04-12 14:26:50
318,Factor_Substitute_Torque_AR,/05_Function_Contributions/Determine Active Return Torque/Data Determine Active Return Torque,DART,2023-04-12 14:26:50
319,Factor_Substitute_Speed_AR,/05_Function_Contributions/Determine Active Return Torque/Data Determine Active Return Torque,DART,2023-04-12 14:26:50
320,Safety relevant data,/05_Function_Contributions/Determine Active Return Torque/Data Determine Active Return Torque,DART,2023-04-12 14:26:50
321,Time_FaultReaction_UAF,/05_Function_Contributions/Determine Active Return Torque/Data Determine Active Return Torque,DART,2023-04-12 14:26:50
322,Integral_WeightedFailure_GenerotoricLimit_LMT,/05_Function_Contributions/Limit Motor Torque/Data Function Limit Motor Torque,LMT,2023-04-12 14:26:50
323,LMT_MIN_ROTORSPEED,/05_Function_Contributions/Limit Motor Torque/Data Function Limit Motor Torque,LMT,2023-04-12 14:26:50
324,LMT_MAX_ROTORSPEED,/05_Function_Contributions/Limit Motor Torque/Data Function Limit Motor Torque,LMT,2023-04-12 14:26:50
325,LMT_MAX_NOMINALMOTORTORQUE,/05_Function_Contributions/Limit Motor Torque/Data Function Limit Motor Torque,LMT,2023-04-12 14:26:50
326,LMT_MIN_NOMINALMOTORTORQUE,/05_Function_Contributions/Limit Motor Torque/Data Function Limit Motor Torque,LMT,2023-04-12 14:26:50
327,LMT_MIN_STEERTORQUESUM,/05_Function_Contributions/Limit Motor Torque/Data Function Limit Motor Torque,LMT,2023-04-12 14:26:50
328,LMT_MAX_STEERTORQUESUM,/05_Function_Contributions/Limit Motor Torque/Data Function Limit Motor Torque,LMT,2023-04-12 14:26:50
329,Torque_Deviation_Max_Rotor_Safety_LMT,/05_Function_Contributions/Limit Motor Torque/Data Function Limit Motor Torque,LMT,2023-04-12 14:26:50
330,Integral_WeightedFailure_Limit_LMT,/05_Function_Contributions/Limit Motor Torque/Data Function Limit Motor Torque,LMT,2023-04-12 14:26:50
331,Time_WeightedIntegral_LMT,/05_Function_Contributions/Limit Motor Torque/Data Function Limit Motor Torque,LMT,2023-04-12 14:26:50
332,Integral_WeightedFailure_FilterLimit_LMT,/05_Function_Contributions/Limit Motor Torque/Data Function Limit Motor Torque,LMT,2023-04-12 14:26:50
333,STORQUE_STEERING_LOAP_STEP_RESPONSE_Primary,/05_Function_Contributions/Prevent Loss of Assist/Data Prevent Loss of Assist,PLOA,2023-04-12 14:26:50
334,STORQUE_STEERING_LOAP_STEP_RESPONSE_Secondary,/05_Function_Contributions/Prevent Loss of Assist/Data Prevent Loss of Assist,PLOA,2023-04-12 14:26:50
335,T_STORQUE_LOAP_STEP_RESPONSE,/05_Function_Contributions/Prevent Loss of Assist/Data Prevent Loss of Assist,PLOA,2023-04-12 14:26:50
336,MIN_PERCENT_MTORQUE_LOAP,/05_Function_Contributions/Prevent Loss of Assist/Data Prevent Loss of Assist,PLOA,2023-04-12 14:26:50
337,T_MAX_LOAP,/05_Function_Contributions/Prevent Loss of Assist/Data Prevent Loss of Assist,PLOA,2023-04-12 14:26:50
338,SYS_STATE_1,/05_Function_Contributions/Provide Torquesensor Fallbacktorque/Data Provide Torquesensor Fallbacktorque,PTSF,2023-04-12 14:26:50
339,SYS_STATE_2,/05_Function_Contributions/Provide Torquesensor Fallbacktorque/Data Provide Torquesensor Fallbacktorque,PTSF,2023-04-12 14:26:50
340,SYS_STATE_3,/05_Function_Contributions/Provide Torquesensor Fallbacktorque/Data Provide Torquesensor Fallbacktorque,PTSF,2023-04-12 14:26:50
341,SYS_STATE_4,/05_Function_Contributions/Provide Torquesensor Fallbacktorque/Data Provide Torquesensor Fallbacktorque,PTSF,2023-04-12 14:26:50
342,SYS_STATE_5,/05_Function_Contributions/Provide Torquesensor Fallbacktorque/Data Provide Torquesensor Fallbacktorque,PTSF,2023-04-12 14:26:50
343,SYS_STATE_6,/05_Function_Contributions/Provide Torquesensor Fallbacktorque/Data Provide Torquesensor Fallbacktorque,PTSF,2023-04-12 14:26:50
344,Safety parameters,/05_Function_Contributions/Provide Torquesensor Fallbacktorque/Data Provide Torquesensor Fallbacktorque,PTSF,2023-04-12 14:26:50
345,T_TSF_UAF,/05_Function_Contributions/Provide Torquesensor Fallbacktorque/Data Provide Torquesensor Fallbacktorque,PTSF,2023-04-12 14:26:50
346,T_TSF_START_RED,/05_Function_Contributions/Provide Torquesensor Fallbacktorque/Data Provide Torquesensor Fallbacktorque,PTSF,2023-04-12 14:26:50
347,MAX_TSF_Motor_Torque_Reductiontime,/05_Function_Contributions/Provide Torquesensor Fallbacktorque/Data Provide Torquesensor Fallbacktorque,PTSF,2023-04-12 14:26:50
348,TSF_SAFE_GRAD,/05_Function_Contributions/Provide Torquesensor Fallbacktorque/Data Provide Torquesensor Fallbacktorque,PTSF,2023-04-12 14:26:50
349,TSF_ROT_SPD_CHAR_CURVE,/05_Function_Contributions/Provide Torquesensor Fallbacktorque/Data Provide Torquesensor Fallbacktorque,PTSF,2023-04-12 14:26:50
350,FHT_PTSF,/05_Function_Contributions/Provide Torquesensor Fallbacktorque/Data Provide Torquesensor Fallbacktorque,PTSF,2023-04-12 14:26:50
351,PTSF_MIN_MOTTRQSUM,/05_Function_Contributions/Provide Torquesensor Fallbacktorque/Data Provide Torquesensor Fallbacktorque,PTSF,2023-04-12 14:26:50
352,PTSF_MAX_MOTTRQSUM,/05_Function_Contributions/Provide Torquesensor Fallbacktorque/Data Provide Torquesensor Fallbacktorque,PTSF,2023-04-12 14:26:50
353,PTSF_MIN_STEERINGANGLE,/05_Function_Contributions/Provide Torquesensor Fallbacktorque/Data Provide Torquesensor Fallbacktorque,PTSF,2023-04-12 14:26:50
354,PTSF_MAX_STEERINGANGLE,/05_Function_Contributions/Provide Torquesensor Fallbacktorque/Data Provide Torquesensor Fallbacktorque,PTSF,2023-04-12 14:26:50
355,PTSF_MIN_ROTORSPEED,/05_Function_Contributions/Provide Torquesensor Fallbacktorque/Data Provide Torquesensor Fallbacktorque,PTSF,2023-04-12 14:26:50
356,PTSF_MAX_ROTORSPEED,/05_Function_Contributions/Provide Torquesensor Fallbacktorque/Data Provide Torquesensor Fallbacktorque,PTSF,2023-04-12 14:26:50
357,PTSF_MIN_ROTORSPEED_HIL,/05_Function_Contributions/Provide Torquesensor Fallbacktorque/Data Provide Torquesensor Fallbacktorque,PTSF,2023-04-12 14:26:50
358,PTSF_MAX_ROTORSPEED_HIL,/05_Function_Contributions/Provide Torquesensor Fallbacktorque/Data Provide Torquesensor Fallbacktorque,PTSF,2023-04-12 14:26:50
359,PTSF_MIN_CURRENTLOWESTREDLEVEL,/05_Function_Contributions/Provide Torquesensor Fallbacktorque/Data Provide Torquesensor Fallbacktorque,PTSF,2023-04-12 14:26:50
360,PTSF_MAX_CURRENTLOWESTREDLEVEL,/05_Function_Contributions/Provide Torquesensor Fallbacktorque/Data Provide Torquesensor Fallbacktorque,PTSF,2023-04-12 14:26:50
361,PTSF_MIN_TORQUESENSORSTATE,/05_Function_Contributions/Provide Torquesensor Fallbacktorque/Data Provide Torquesensor Fallbacktorque,PTSF,2023-04-12 14:26:50
362,PTSF_MAX_TORQUESENSORSTATE,/05_Function_Contributions/Provide Torquesensor Fallbacktorque/Data Provide Torquesensor Fallbacktorque,PTSF,2023-04-12 14:26:50
363,TIME_MAX_OUTPUTSTUCK,/05_Function_Contributions/Provide Torquesensor Fallbacktorque/Data Provide Torquesensor Fallbacktorque,PTSF,2023-04-12 14:26:50
364,ERROR_STATE_SWERROR,/05_Function_Contributions/Provide Torquesensor Fallbacktorque/Data Provide Torquesensor Fallbacktorque,PTSF,2023-04-12 14:26:50
365,ERROR_STATE_HWERROR,/05_Function_Contributions/Provide Torquesensor Fallbacktorque/Data Provide Torquesensor Fallbacktorque,PTSF,2023-04-12 14:26:50
366,Others,/05_Function_Contributions/Provide Torquesensor Fallbacktorque/Data Provide Torquesensor Fallbacktorque,PTSF,2023-04-12 14:26:50
367,Engine_Stable_Status_Running,/05_Function_Contributions/Reduce Assist in Low Voltage/Data Reduce Assist in Low Voltage,RAILV,2023-04-12 14:26:50
368,Voltage_Substitute_Value_SupplyVoltage,/05_Function_Contributions/Reduce Assist in Low Voltage/Data Reduce Assist in Low Voltage,RAILV,2023-04-12 14:26:50
369,Factor_Characteristic_Reduction_VoltageDependent,/05_Function_Contributions/Reduce Assist in Low Voltage/Data Reduce Assist in Low Voltage,RAILV,2023-04-12 14:26:50
370,Factor_Characteristic_Limitation_VoltageDependent,/05_Function_Contributions/Reduce Assist in Low Voltage/Data Reduce Assist in Low Voltage,RAILV,2023-04-12 14:26:50
371,Factor_Characteristic_Gradient_VoltageDependent,/05_Function_Contributions/Reduce Assist in Low Voltage/Data Reduce Assist in Low Voltage,RAILV,2023-04-12 14:26:50
372,Time_Min_Cyclic_Functioncall,/05_Function_Contributions/Reduce Assist in Low Voltage/Data Reduce Assist in Low Voltage,RAILV,2023-04-12 14:26:50
373,Time_Hold_Rise_Reduction,/05_Function_Contributions/Reduce Assist in Low Voltage/Data Reduce Assist in Low Voltage,RAILV,2023-04-12 14:26:50
374,Speed_Vehicle_Min_Activation_Reduction,/05_Function_Contributions/Reduce Assist in Low Voltage/Data Reduce Assist in Low Voltage,RAILV,2023-04-12 14:26:50
375,Voltage_Min_Range_Supplyvoltage,/05_Function_Contributions/Reduce Assist in Low Voltage/Data Reduce Assist in Low Voltage,RAILV,2023-04-12 14:26:50
376,Voltage_Max_Range_Supplyvoltage,/05_Function_Contributions/Reduce Assist in Low Voltage/Data Reduce Assist in Low Voltage,RAILV,2023-04-12 14:26:50
377,Voltage_Min_Range_Active_Reduction,/05_Function_Contributions/Reduce Assist in Low Voltage/Data Reduce Assist in Low Voltage,RAILV,2023-04-12 14:26:50
378,Voltage_Max_Range_Active_Reduction,/05_Function_Contributions/Reduce Assist in Low Voltage/Data Reduce Assist in Low Voltage,RAILV,2023-04-12 14:26:50
379,Voltage_Min_Range_Active_Limitation,/05_Function_Contributions/Reduce Assist in Low Voltage/Data Reduce Assist in Low Voltage,RAILV,2023-04-12 14:26:50
380,Voltage_Max_Range_Active_Limitation,/05_Function_Contributions/Reduce Assist in Low Voltage/Data Reduce Assist in Low Voltage,RAILV,2023-04-12 14:26:50
381,Voltage_Min_Range_Limitation_Gradient,/05_Function_Contributions/Reduce Assist in Low Voltage/Data Reduce Assist in Low Voltage,RAILV,2023-04-12 14:26:50
382,Voltage_Max_Range_Limitation_Gradient,/05_Function_Contributions/Reduce Assist in Low Voltage/Data Reduce Assist in Low Voltage,RAILV,2023-04-12 14:26:50
383,No_Reduction_VoltageDependent,/05_Function_Contributions/Reduce Assist in Low Voltage/Data Reduce Assist in Low Voltage,RAILV,2023-04-12 14:26:50
384,No_Limitation_VoltageDependent,/05_Function_Contributions/Reduce Assist in Low Voltage/Data Reduce Assist in Low Voltage,RAILV,2023-04-12 14:26:50
385,No_Gradient_VoltageDependent,/05_Function_Contributions/Reduce Assist in Low Voltage/Data Reduce Assist in Low Voltage,RAILV,2023-04-12 14:26:50
386,State_RackPos_ExactlyInit_CSAP,/03_System_Functions/Learn Endstop and Index Automatically/Data Learn Endstop and Index Automatically,LEIA,2023-04-12 14:26:50
387,Position_Reached_Midhold_LEIA,/03_System_Functions/Learn Endstop and Index Automatically/Data Learn Endstop and Index Automatically,LEIA,2023-04-12 14:26:50
388,TESTDATANAME,TESEDATAPATH,TESTMODULENAME,2023-04-20 08:34:14
